GET,GET,WHAT,WHEN,WHERE,WHICH,WHO,WHOM,WHOSE,WHY,WHY DON'T,HOW,HOW FAR,HOW LONG,HOW MANY,HOW MUCH,HOW OLD,HOW COME,TELL,
BRAND,NIKE,PETER ENGLAND,SOCH,REEBOOK,PUMA,VERO MODA,AND,ALLEN SOLLY,BEING HUMAN,ZARA,ADDIDAS,UCB,BIBA,CLOVIA,GAS,GUESS,TOMMY HILFIGER,TOM TAILOR,GLOBUS,JACK & JONES,ATHENA,JOHN PLAYER,ONLY,YEPME,WRANGLER,LOTTO,LEE COOPER,VAN HEUSEN,WOODLAND,LEE,LEVI'S,PARK AVENUE,NIKE,PETER ENGLAND,KITON,REEBOOK,PUMA,VERO MODA,ALLEN SOLLY,BEING HUMAN,ZARA,ADDIDAS,ARROW,UCB,GAS,GUESS,TOMMY HILFIGER,INCULT,TOM TAILOR,RAYMOND,GLOBUS,JACK & JONES,JOHN PLAYER,YEPME,WRANGLER,LOTTO,LEE COOPER,BLACKBERRYS,RED TAPE,VAN HEUSEN,WOODLAND,MUFTI,LEE,LEVI'S,PARK AVENUE,NIKE,REEBOOK,PUMA,ADDIDAS,UCB,GAS,TOMMY HILFIGER,INCULT,TOM TAILOR,JACK & JONES,YEPME,LOTTO,LEE COOPER,MOCHI,VAN HEUSEN,WOODLAND,LEVI'S,ASICS,BATA,CLARKS,COLUMBIA,CYKE,DC,FILA,FLX,HRX,KAPPA,LEE COOPER,LI NING,LOTTO,MIZUNO,NIKE,POWER,PUMA,SALOMON,SKECHERS,SPARX,SPUNK,SUPERDRY,THE NORTH FACE,UMBRO,VANS,VITTALY,WILDCRAFT,20 DRESSES,ADDONS,ADIDAS NEO,ADIDAS ORIGINALS,AEROSOLES,ALCOTT,ALDO,ALLEN SOLLY,ANOUK,BERRY PURPLE,BLUE BUTTON,BRUNO MANETTI,CARLTON LONDON,CATWALK,CERIZ,CHALK STUDIO,CHUMBAK,CLAUDE LORRAIN,COBBLERZ,COLE HAAN,COLUMBIA,COM-FIT,CROCS,D MUSE BY DRESSBERRY,DEAFOAMS,DISNEY,DR. SCHOLL,DRESSBERRY,FABALLEY,FASHION MASALA,FIORELLA,FLAT N HEELS,FLIPSIDE,FOOTILICIOUS,FOOTIN,FOREVER 21,FREETOES,FUNKYFISH,GET GLAMR,GINGER BY LIFESTYLE,GLIDERS,GLOBALITE,GNIST,GUAVA,HAVAIANAS,HI ATTITUDE,ILO,INC 5,INTOTO,IPANEMA,JOVE,KIELZ,KLAUR MELBOURNE,KNOTTY DERBY,KOOK N KEECH,KOOK N KEECH DISNEY,LA BRIZA,LAMERE,LAVIE,LIZA,MADLOVE,MARC LOIRE,MARCHA BALLERINA,MARIE CLAIRE,MARKS & SPENCER,MAST & HARBOUR,MELANGE BY LIFESTYLE,METRO,MOCHI,MOD SQUAD,MOSSIMO ,MTV,NATURALIZER,NELL,NEW LOOK,NIKE,NINE WEST,NORTH STAR,PAPRIKA BY LIFESTYLE,PAVERS ENGLAND,PEOPLE,PUMA,QUPID,REEBOK CLASSIC,REEBOK,REPLAY,ROADSTER,ROCIA,ROXY,SALT N PEPPER,SHOETOPIA,SKECHERS,SOFT & SLEEK,SOLE THREADS,SOLOVOGA,SOLUDOS,SPARX,SPUNK,STEVE MADDEN,STRI,SUNDROPS,TA CHIC,TAO PARIS,THELABELLIFE.COM,TIMBERLAND,TRESMODE,TRUFFLE COLLECTION,UNITED COLORS OF BENETTON,URBANE,VALIOSAA,VAN HEUSEN,VAN HEUSEN WOMAN,VAPH,VERO COUTURE,VERO MODA,WELLWORTH,WET BLUE,YATHA,YO JELO,ZEBBA,YEPME,NUMERO UNO,WROGN,WOODLAND,WONKER,WHITE,WEINBRENNER,WAVE WALK,VALENTINO,TZARO,TURTLE,TYCOON,TOMMY HILFIGER,SUPRA,STYLE CENTRUM,SPUNK,SIR CORBETT,SICILIANO SHOES,SCOTCH & SODA,SANTA MONICA,SAN FRISSCO,RUOSH,ROCKPORT,ROADSTER,RED TAPE,RED CHIEF,RANDIER,QUIKSILVER,QUARKS,QUADS,PUREITS LEATHERS,PURE PLAY,PROVOGUE,PROLIFIC,ORIGINAL PENGUIN,ORIGINAL SWAT,MR BUTTON,MOCHI,MOCAS,MANCINI,MACTREE,LOUIS PHILIPPE,KENNETH COLE,JUAN DAVID,ITALIA,INMARK,ID,HUSH PUPPIES,HUBBERHOLME,HIROLAS,HIGH SIERRA,HARVARD,HARRY HILL,H.E. BY MANGO,GUAVA,GLOBALITE,GLIDERS,GIOVANE K,GAS,GANUCHI,G SPORTS,FUNKU FASHION,FUNK ,FROSKIE,FREECULTR,FRANCO LEONE,FORCA,FOOTLODGE,FOOTIN,FENTACIA,ENGROSS,EGOSS,DUKE,DOC & MARK,DIESEL,DC,CONVERSE,COLUMBIA,CODE BY LIFESTYLE,CLARUS,CLARKS,CAPLAND,CAPZ,BUCKAROO,BREAKBOUNCE,BOLTIO,BLU FROG,BLEND,BLACKBERRYS,BIG BOON,BCK BY BUCKAROO,BASE ONE ONE,BARESKIN,BACCA BUCCI,AUTOGRAPH,ARTHUR,APAACHE,ANTONY MORATO,ANDREW SCOTT,AMERICAN SWAN,ALPES MARTIN,ALDO,ALCOTT,ALBERTO TORESSI,A BY ARDEN,
CLOTHES,TSHIRT,SHIRTS,PANTS,KURTA,JACKET,SWEATER,CARDIGANS,TRACK WEAR,SUITS,SHORTS,3/4TH,ETHNIC WEAR,SWEATSHIRT,JEANS,SOCKS,CAPS,MUFLERS,GLOVES,THERMAL WEAR,SRAVES,LOWER,TRACK PANT,JOGGERS,TSHIRT,TOP,KURTIS,JACKET,SKIRT,JEANS,TROUSER,LEGGINGS,DUPATTA,SHORTS,NIGHT WEAR,ANARKALI,BLAZER,SHORTS,SHRUG,SHIRTS,DRESSES,LEHENGA,JEGGINGS,LOWER,GOWN,TRACK PANT,JOGGERS,
WEEK,SUNDAY,MONDAY,TUESDAY,WEDNESDAY,THURSDAY,FRIDAY,SATURDAY,
FOOTWEAR,SHOES,FLOATERS,SLIPPERS,SNEAKERS,LOAFERS,BOOTS,CASUAL SHOE,FLIP FLOP,WEDGES,SHOES,FLOATERS,SLIPPERS,BELLIES,HEELS,BOOTS,LOAFERS,FLIP FLOP,CROCS,SANDAL,SNEAKERS,
MONTH,JANUARY,FEBRUARY,MARCH,APRIL,MA,JUNE,JULY,AUGUST,SEPTEMBER,OCTOBER,NOVEMBER,DECEMBER,
GREETING,HELLO,HI,HEY,GREETINGS,HEY THERE,"HI,"HEY,HOWDY,WHATSUP,HOW ARE YOU DOING?,NICE TO MEET YOU.,HOW DO YOU DO?,"HI,BYE,C U,TATA,GOOD MORNING,GOOD AFTERNOON,GOOD EVENING,GOOD DAY,WHAT'S UP?,
TRANSPORT,TRANSPORT,BUS,BOAT,AEROPLANE,FERRY,MOTORBOAT,OCEAN LINER,CAR,PASSENGER,RAILROAD,RAILWAY,TAXI,VEHICLE,TRAM,TAXICAB,SPORTS CAR,SEDAN,RACE CAR,FOUR-WHEEL DRIVE,ENGINE,JET BOAT,TRUCK,BICYCLE,BIKE,HELICOPTER,CHOPPER,DELIVERY TRUCK,LORRY,RIVERBOAT,YACHT,SAIL,SAILBOAT,SHIP,SPEEDBOAT,VESSEL,TRAILER,TUGBOAT,STEAMSHIP,STEAMBOAT,SCHOOL BUS,KAYAK,CAR,TRAIN,AUTOMOBILE,AUTO,CAB,DRIVER,MOTOR,PILOT,PLANE,UNICYCLE,VESPA,WHEEL,TYRE,TRAIL BIKE,TRICYCLE,SCOOTER,RIDE,SEMI,MOTORCYCLE,MOUNTAIN BIKE,
FAMILY,FAMILY,MOTHER,MOM,FATHER,DAD,PARENT,CHILDREN,SON,DAUGHTER,SISTER,BROTHER,GRANDMOTHER,GRANDFATHER,GRANDPARENT,GRANDSON,GRANDDAUGHTER,GRANDCHILD,AUNT,UNCLE,NIECE,NEPHEW,COUSIN,HUSBAND,WIFE,SISTER-IN-LAW,BROTHER-IN-LAW,MOTHER-IN-LAW,FATHER-IN-LAW,PARTNER,
WEATHER,WEATHER,RAINBOW,OVERCAST,DRY,HUMIDITY,WIND,FOG,LIGHTNING,THUNDER,THUNDERSTORM,TROPICAL,MOISTURE,HAIL,STORM,GALE,COLD FRONT,COLD SNAP,ICE STORM,GUST,HURRICANE,BALMY,FROST,SMOG,WINTER,STORM SURGE,WIND CHILL,EASTERLIES,SURGE,CLOUDY,BREEZE,BLUSTERY,SNOW,DOWNPOUR,WATER CYCLE,DRIZZLE,ICICLE,FLOOD,FLASH FLOOD,MIST,CONDENSATION,FREEZE,SNOWFALL,CYCLONE,AVALANCHE,BLIZZARD,OZONE,OUTLOOK,RAIN GAUGE,SLEET,WESTERLIES,MONSOON,HEAT WAVE,HUMID,HUMIDITY,HEAT INDEX,DROUGHT,TEMPERATE,WARM,CLIMATE,MUGGY,ATMOSPHERE,ISOBAR,FORECAST,BAROMETRIC,WHIRLWIND,AIR,AIR PRESSURE,SPRING,AUTUMN,SUMMER,LOW PRESSURE,SKY,DEW,PERMAFROST,RAIN,TEMPERATURE,SHOWER,TORNADO,COLD,CLOUD,PRESSURE,SUNRISE,SUNSET,HEAT,
CITY,TOKYO,JAKARTA,DELHI,MUMBAI,MANILA,SHANGHAI,SÃO PAULO,SEOUL,MEXICO CITY,GUANGZHOU,BEIJING,CAIRO,NEW YORK,KOLKĀTA,MOSCOW,BANGKOK,BUENOS AIRES,SHENZHEN,DHAKA,LAGOS,ISTANBUL,ŌSAKA,KARACHI,BANGALORE,TEHRAN,KINSHASA,HO CHI MINH CITY,LOS ANGELES,RIO DE JANEIRO,NANYANG,BAODING,CHENNAI,CHENGDU,LAHORE,PARIS,LONDON,LINYI,TIANJIN,SHIJIAZHUANG,ZHOUKOU,LIMA,HYDERĀBĀD,HANDAN,BOGOTÁ,WEIFANG,NAGOYA,WUHAN,HEZE,GANZHOU,TONGSHAN,CHICAGO,LUANDA,CHANGSHA,FUYANG,KUALA LUMPUR,JINING,DONGGUAN,JINAN,FOSHAN,HANOI,PUNE,CHONGQING,CHANGCHUN,ZHUMADIAN,NINGBO,CANGZHOU,NANJING,HEFEI,AHMEDABAD,HONG KONG,ZHANJIANG,SHAOYANG,HENGYANG,KHARTOUM,NANTONG,YANCHENG,NANNING,XI’AN,SHENYANG,TANGSHAN,SANTIAGO,ZHENGZHOU,SHANGQIU,YANTAI,RIYADH,DAR ES SALAAM,XINYANG,SHANGRAO,LUOYANG,BIJIE,QUANZHOU,HANGZHOU,MIAMI,HUANGGANG,MAOMING,KUNMING,NANCHONG,ZUNYI,JIEYANG,LU’AN,YICHUN,MADRID,CHANGDE,TAIZHOU,LIAOCHENG,QUJING,SŪRAT,BAGHDAD,QINGDAO,SINGAPORE,DALLAS,DAZHOU,SUZHOU,XIANGYANG,PHILADELPHIA,GIZA,NAIROBI,NANGANDAO,ANKARA,TAI’AN,YULIN,DEZHOU,HOUSTON,ATLANTA,YONGZHOU,RANGOON,TORONTO,SUIHUA,WASHINGTON,QIQIHAR,JINHUA,SAINT PETERSBURG,SHANTOU,SYDNEY,WEINAN,SUQIAN,GUADALAJARA,SUZHOU,FUZHOU,ZHAOTONG,PUDONG,BELO HORIZONTE,ZHANGZHOU,BOZHOU,MELBOURNE,NANCHANG,XIANYANG,TAIZHOU,SURABAYA,ABIDJAN,HUAIHUA,JI’AN,MIANYANG,XIAOGANZHAN,SHAOXING,ALEXANDRIA,YUNCHENG,PINGDINGSHAN,HUIZHOU,HUAI’AN,XINPU,CHENZHOU,GUILIN,JIUJIANG,ANQING,BOSTON,HUANGLONGSI,JIANGMEN,CHANGZHOU,BARCELONA,WUXI,ZIBO,JIAXING,DALIAN,HENGSHUI,HARBIN,YANGZHOU,YIBIN,JOHANNESBURG,YIYANG,MEIZHOU,CHIFENG,CASABLANCA,GUIYANG,LANGFANG,ZHANGJIAKOU,İZMIR,LINFEN,WENZHOU,MONTERREY,LUZHOU,JIANGGUANCHI,NEIJIANG,PHOENIX,YANJIANG,ZHAOQING,XIAOXITA,GUIGANG,XIAMEN,CHUZHOU,FUZHOU,ZHUZHOU,AMMAN,JEDDAH,LOUDI,DEYANG,QINGYUAN,WUHU,HECHI,SEATTLE,BINZHOU,YOKOHAMA,LIUZHOU,BAOJISHI,GUANG’AN,HANZHONG,KABUL,ZAOZHUANG,BERLIN,ANSHAN,LANZHOU,CHENGDE,SAN FRANCISCO,PUYANG,SUINING,JIAOZUO,BENGBU,MONTRÉAL,DETROIT,BAICHENG,BUSAN,ALGIERS,QINCHENG,TAIYUAN,SHIYAN,LUCKNOW,CHAOYANG,HECHI,LESHAN,YULINSHI,SIPING,ZHONGSHAN,CHANGZHI,SAN DIEGO,FAISALABAD,SANTA CRUZ,QINHUANGDAO,BAZHOU,ZHENJIANG,ÜRÜMQI,TONGLIAO,HEYUAN,TONGREN,QINZHOU,JAIPUR,XINZHOU,ADDIS ABABA,MEISHAN,BRASÍLIA,MASHHAD,JINZHOU,TIELING,SHAOGUAN,KUWAIT CITY,SHANWEI,MINNEAPOLIS,KYIV,SANAA,QUEZON CITY,DINGXI,INCHEON,BURSA,NINGDE,TAMPA,DAQING,BIRMINGHAM,PUTIAN,HUZHOU,SALVADOR,WUZHOU,XIANGTAN,DENVER,ROME,LA PAZ,PYONGYANG,KANO,TAICHUNG,OMDURMAN,ZIGONG,MUDANJIANG,HULUDAO,KAOHSIUNG,GUAYAQUIL,RIZHAO,MANCHESTER,CAWNPORE,BAOTOU,TAIPEI,NANPING,CHAOZHOU,LONGYAN,IBADAN,HOHHOT,ANTANANARIVO,LONGBA,WEIHAI,CHATTOGRAM,SANTO DOMINGO,XUANZHOU,SANMING,BROOKLYN,YANGJIANG,MEDELLÍN,YUNFU,BRISBANE,BAOSHAN,DUBAI,LUOHE,QINBALING,MIRZĀPUR,GUANGYUAN,CALI,HUANGSHI,DAEGU,FORTALEZA,GUATEMALA CITY,YAOUNDÉ,DOUALA,JILIN,LIANSHAN,LINCANG,ANTALYA,TASHKENT,BANDUNG,NĀGPUR,HUAINAN,DANDONG,SHANGZHOU,BEKASI,GHĀZIĀBĀD,TIJUANA,JIAMUSI,ACCRA,YUXI,ANSHUN,VANCOUVER,TANGERANG,KONYA,QUEENS,YINGKOU,ADANA,MEDAN,SANMENXIA,INDORE,MA’ANSHAN,PINGLIANG,QUZHOU,BAKU,GAOPING,HUAIBEI,XINING,HARARE,YAN’AN,HAVANA,PHNOM PENH,FUKUOKA,MOGADISHU,JINCHENG,PUNING,LISHUI,QINGYANG,RIVERSIDE,BALTIMORE,HAIPHONG,LAS VEGAS,LAIBIN,RAWALPINDI,KUMASI,PORTLAND,VADODARA,PERTH,SAN ANTONIO,VISHĀKHAPATNAM,GUJRANWALA,GAZIANTEP,FUSHUN,ST. LOUIS,BAMAKO,QUITO,MINSK,PINGXIANG,CHONGZUO,ŞANLIURFA,KANANGA,PESHAWAR,SAPPORO,HEZHOU,JIXI,CARACAS,FUXIN,ALEPPO,ALMATY,DAYR AZ ZAWR,VIENNA,LEEDS,SACRAMENTO,BLANTYRE,TAINAN,ZHUHAI,BUCHAREST,WUWEI,BHOPĀL,CURITIBA,MULTAN,XIPING,ASUNCIÓN,SAIDU SHARIF,HAMBURG,MERU,BRAZZAVILLE,ORLANDO,MERSIN,KYŌTO,MANAUS,LIAOYANG,BAIYIN,SAN JOSE,WARSAW,SHENGLI,LUBUMBASHI,HAIKOU,DAMASCUS,SHUYANGZHA,BRUSSELS,EŞFAHĀN,BUDAPEST,HEIHE,LUSAKA,HYDERABAD CITY,DIYARBAKIR,CHINCHVAD,SHUOZHOU,CLEVELAND,PITTSBURGH,PATNA,MOSUL,AUSTIN,SANZHOU,MECCA,CONAKRY,KAMPALA,ECATEPEC,CINCINNATI,MAKASSAR,YUSHAN,LUDHIĀNA,NEWCASTLE,DEPOK,ZHONGLI,KANSAS CITY,OUAGADOUGOU,DAVAO,MANHATTAN,SEMARANG,YINCHUAN,CALOOCAN CITY,NOVOSIBIRSK,CHENGTANGCUN,ĀGRA,KARAJ,INDIANAPOLIS,JINGDEZHEN,PUEBLA,KALYĀN,MADURAI,BENXI,JAMSHEDPUR,RECIFE,COLUMBUS,TABRĪZ,MARACAIBO,ZHANGJIAJIE,BEIHAI,SHUANGYASHAN,KŌBE,CHARLOTTE,YUCHENG,CHANGSHU,LIANJIANG,XIMEICUN,JIANGUANG,MADĪNAT AS SĀDIS MIN UKTŪBAR,XUSHAN,BELÉM,GUIPING,LEIZHOU,GWANGJU,NĀSIK,PORTO ALEGRE,VALENCIA,ONITSHA,VIRGINIA BEACH,DAEJEON,MUNICH,AUCKLAND,YEKATERINBURG,HUANGSHAN,HUAZHOU,SHĪRĀZ,PIZHOU,PALEMBANG,LEÓN DE LOS ALDAMA,EL KELAA DES SRARHNA,KHARKIV,KAWANAKAJIMA,YANGSHE,CHIZHOU,GUYUAN,RUI’AN,BIRSTALL,MUSCAT,HEBI,BRONX,GAOZHOU,THE HAGUE,OWERRI,SHARJAH,FARĪDĀBĀD,ULAANBAATAR,GOIÂNIA,KAYSERI,YUEQING,BELGRADE,PINGDU,MILAN,AURANGĀBĀD,YUTAN,WENLING,MILWAUKEE,SOFIA,ADELAIDE,PRAGUE,SAMSUN,RĀJKOT,LIANGSHI,KHULNA,CÓRDOBA,GUARULHOS,JUÁREZ,SAITAMA,MONTEVIDEO,MBUJI-MAYI,FUQING,XINTAI,DOHA,HIROSHIMA,MEERUT,YUSHU,RONGCHENG,HUAZHOU,YANGQUAN,HAICHENG,YINGTAN,HUAIYIN,WUZHONG,BARRANQUILLA,JABALPUR,THĀNE,ZHANGYE,RUCHENG,NIZHNIY NOVGOROD,COMAYAGÜELA,SHAOYANG,DHANBĀD,YICHUN,LAIWU,JINGLING,KAZAN,DAYAN,SUWON,JIANGYIN,YONGCHENG,CALGARY,CẦN THƠ,ABUJA,YIWU,MANDALAY,BEIDAO,AL BAŞRAH,SHUANGSHUI,VILA VELHA,ALLAHĀBĀD,VĀRĀNASI,CHELYABINSK,MOMBASA,PROVIDENCE,QOM,MAIDUGURI,MAPUTO,ROSARIO,BENIN CITY,XINYU,PIKINE,AHVĀZ,DUBLIN,JACKSONVILLE,MEDINA,SRĪNAGAR,OMSK,CILACAP,BANDAR LAMPUNG,SAMARA,GUANKOU,ULSAN,DINGZHOU,CAMPINAS,LIANYUAN,RONGCHENG,KAIYUAN,NAY PYI TAW,DAKAR,ZHUJI,KIGALI,ZAPOPAN,LEIYANG,SANTIAGO,DADUKOU,XIANTAO,AMRITSAR,CALLAO,ALĪGARH,YINGCHUAN,TEGUCIGALPA,CIUDAD NEZAHUALCÓYOTL,TRIPOLI,ROSTOV,NEZAHUALCÓYOTL,BHIWANDI,ZHOUSHAN,TBILISI,UFA,FÈS,SEVILLA,MEXICALI,BIÊN HÒA,GWALIOR,ANKANG,IKARE,HUAMBO,HEGANG,SALT LAKE CITY,BHILAI,YUYAO,N’DJAMENA,HANCHUAN,GONGZHULING,IRBID,HĀORA,COLOGNE,KRASNOYARSK,YICHENG,SÃO GONÇALO,NASHVILLE,YEREVAN,RĀNCHI,NUR-SULTAN,NOUAKCHOTT,VEREENIGING,RICHMOND,SÃO LUÍS,SAN PEDRO SULA,TAIXING,MEMPHIS,GOYANG,BEZWĀDA,EDMONTON,MIZHOU,TUNIS,XISHAN,EZHOU,BARQUISIMETO,SENDAI,VORONEZH,PERM,CHANGWON,ZHONGWEI,SHOUGUANG,BOGOR,RALEIGH,CARTAGENA,CHANDĪGARH,BISHKEK,MATOLA,OGBOMOSO,ASHGABAT,MACEIÓ,NIAMEY,MANAGUA,PATAM,TEKIRDAĞ,SHUBRĀ AL KHAYMAH,LINHAI,MONROVIA,WAFANGDIAN,ZHONGXIANG,ODESA,SHYMKENT,NEW ORLEANS,THỦ ĐỨC,VOLGOGRAD,PORT-AU-PRINCE,ISLAMABAD,MYSORE,XINYI,KATHMANDU,RAIPUR,NICE,AREQUIPA,PORT HARCOURT,LOUISVILLE,ZAOYANG,SHUIZHAI,DNIPRO,KOTA,QUETTA,ABU DHABI,STOCKHOLM,OTTAWA,ASMARA,FREETOWN,JERUSALEM,BANGUI,PANAMA CITY,AMSTERDAM,LOMÉ,LIBREVILLE,ZAGREB,DUSHANBE,LILONGWE,COTONOU,VIENTIANE,COLOMBO,PRETORIA,WINNIPEG,QUEBEC CITY,OSLO,ATHENS,BUJUMBURA,HELSINKI,SKOPJE,CHISINAU,RIGA,COPENHAGEN,KINGSTON,RABAT,VILNIUS,SAN SALVADOR,DJIBOUTI,LISBON,KITCHENER,TALLINN,CAPE TOWN,BRATISLAVA,TIRANA,CANBERRA,WELLINGTON,BEIRUT,DODOMA,HALIFAX,BISSAU,JUBA,PORT MORESBY,YAMOUSSOUKRO,VICTORIA,MASERU,NICOSIA,WINDHOEK,PORTO-NOVO,SUCRE,SAN JOSÉ,LJUBLJANA,SARAJEVO,NASSAU,BLOEMFONTEIN,FORT-DE-FRANCE,GABORONE,PARAMARIBO,DILI,PRISTINA,GEORGETOWN,MALABO,GIBRALTAR,SAINT-DENIS,MALE,PODGORICA,MANAMA,PORT LOUIS,WILLEMSTAD,NEW DELHI,BERN,PAPEETE,REYKJAVÍK,PRAIA,LUXEMBOURG,SRI JAYEWARDENEPURA KOTTE,BRIDGETOWN,MORONI,THIMPHU,MBABANE,NOUMÉA,HONIARA,SUVA,CASTRIES,CAYENNE,SÃO TOMÉ,PORT-VILA,HAMILTON,BANDAR SERI BEGAWAN,MONACO,GITEGA,PORT OF SPAIN,APIA,DOUGLAS,ORANJESTAD,SAINT HELIER,VADUZ,BANJUL,MAMOUDZOU,MAJURO,TARAWA,GEORGE TOWN,VICTORIA,KINGSTOWN,SAINT JOHN’S,NUKU‘ALOFA,ANDORRA LA VELLA,NUUK,BELMOPAN,ROSEAU,BASSETERRE,TÓRSHAVN,PAGO PAGO,VALLETTA,GAZA,GRAND TURK,PALIKIR,FUNAFUTI,LOBAMBA,AVARUA,SAINT GEORGE’S,SAN MARINO,AL QUDS,CAPITOL HILL,BASSE-TERRE,STANLEY,VATICAN CITY,ALOFI,HAGÅTÑA,JAMESTOWN,MARIGOT,PHILIPSBURG,ROAD TOWN,GUSTAVIA,SAINT-PIERRE,THE VALLEY,MATA-UTU,KINGSTON,NGERULMUD,TIFARITI,TIFARITI,LONGYEARBYEN,ADAMSTOWN,FLYING FISH COVE,BAREILLY,QUẢNG HÀ,SOACHA,KITAKU,JODHPUR,XINGCHENG,DONGTAI,YINGCHENG,AL MANŞŪRAH,GLASGOW,CHIBA,LUOCHENG,DANYANG,NATAL,ZHAODONG,NADA,XIBEIJIE,KIRKUK,NAPLES,WUCHUAN,HUILONG,OKLAHOMA CITY,TOULOUSE,MÁLAGA,DENIZLI,DISPUR,COIMBATORE,GUWĀHĀTI,SŎNGNAM,TAISHAN,SOLĀPUR,TANGIER,ANQIU,FEICHENG,MEISHAN,KISANGANI,KHARTOUM NORTH,AGUASCALIENTES,MARRAKECH,DONETSK,TAIHECUN,TRUJILLO,CEBU CITY,TAIHE,BRIDGEPORT,ANTWERP,TRICHINOPOLY,XIN’AN,PADANG,QINGZHOU,BUFFALO,LICHUAN,DAYE,FORT WORTH,HENGZHOU,CAMPO GRANDE,ZHUANGHE,HARTFORD,AD DAMMĀM,BUCHEON,LHASA,HOMS,JIAOZHOU,MÉRIDA,YANGCHUN,CONCEPCIÓN,DENGTALU,HUBLI,ABEOKUTA,TUCSON,KRASNODAR,NATAL,CHIHUAHUA,KLANG,TURIN,JOS,LAIYANG,JALANDHAR,SALE,MARSEILLE,KAIFENG CHENGGUANZHEN,ESKIŞEHIR,GAOMI,TERESINA,IPOH,HAI’AN,LIVERPOOL,ZAMBOANGA CITY,ORAN,SOUTHAMPTON,WEICHANGLU,PEKANBARU,PORTSMOUTH,LEPING,KERMĀNSHĀH,HAILUN,MACHENG,ILORIN,OMAHA,YUCI,SARATOV,SÃO BERNARDO DO CAMPO,ERBIL,IGUAÇU,EL PASO,DENPASAR,DEHUI,NAUCALPAN DE JUÁREZ,BHUBANESHWAR,TONGCHUAN,CHEONGJU,WARRI,POINTE-NOIRE,RONGJIAWAN,BUTTERWORTH,BHAYANDAR,SAN LUIS POTOSÍ,RENQIU,JOÃO PESSOA,TOLUCA,HONOLULU,QUERÉTARO,XINDI,WU’AN,HERMOSILLO,WUTONG,TAGUIG CITY,
FACT,FACT,REALITY,TRUTH,FACTUALITY,PHENOMENON,CONCLUSION,ACTUALITY,CERTITUDE,LAW,CASE,MATERIALISATION,
